timestamp,chlorophyll_a,dissolved_oxygen,solar_par,temp_surface,total_nitrogen,total_phosphorus
1999-08-02 00:00:00+00:00,18.883333333333333,7.566666666666666,,26.3,,0.037
1999-08-30 00:00:00+00:00,14.0,8.266666666666667,,22.266666666666666,,0.034
1999-09-27 00:00:00+00:00,12.3,8.6,,17.9,,0.064
1999-10-26 00:00:00+00:00,9.25,11.433333333333332,,11.433333333333332,,0.136
1999-11-22 00:00:00+00:00,4.15,10.6,,9.366666666666667,,0.115
2000-01-24 00:00:00+00:00,6.9,15.300000000000002,,0.5333333333333333,,0.117
2000-02-28 00:00:00+00:00,2.8,13.933333333333332,,1.2666666666666666,,0.111
2000-03-13 00:00:00+00:00,2.9,13.033333333333333,,2.9333333333333336,,0.111
2000-03-29 00:00:00+00:00,11.8,13.566666666666668,,4.333333333333333,,
2000-04-10 00:00:00+00:00,9.6,12.866666666666667,,5.7,,0.094
2000-04-25 00:00:00+00:00,2.5,11.866666666666667,,7.333333333333333,,0.072
2000-05-09 00:00:00+00:00,2.5,10.166666666666666,,16.8,,0.059
2000-05-22 00:00:00+00:00,0.9,9.7,,13.699999999999998,,0.08
2000-06-06 00:00:00+00:00,3.466666666666667,9.333333333333334,,15.633333333333333,,0.093
2000-06-19 00:00:00+00:00,6.8,10.033333333333333,,19.366666666666667,,0.107
2000-07-03 00:00:00+00:00,1.8,8.6,,21.3,,0.079
2000-07-17 00:00:00+00:00,13.9,12.033333333333333,,25.2,,0.047
2000-07-31 00:00:00+00:00,8.5,8.2,,22.7,,0.048
2000-08-16 00:00:00+00:00,16.0,8.533333333333333,,24.7,,0.04
2000-08-28 00:00:00+00:00,10.233333333333333,7.900000000000001,,22.8,,0.042
2000-09-25 00:00:00+00:00,4.05,6.533333333333334,,17.366666666666664,,0.084
2000-10-24 00:00:00+00:00,1.5,7.475,,14.55,,0.138
2000-11-28 00:00:00+00:00,0.5,11.299999999999999,,5.7,,0.137
2001-01-17 00:00:00+00:00,0.9,10.666666666666666,,0.7000000000000001,,0.134
2001-03-07 00:00:00+00:00,19.7,12.700000000000001,,1.7333333333333334,,0.142
2001-04-10 00:00:00+00:00,13.0,15.133333333333333,,4.366666666666666,,0.098
2001-04-23 00:00:00+00:00,5.6,13.466666666666667,,7.466666666666666,,0.089
2001-05-07 00:00:00+00:00,0.4,10.266666666666666,,12.466666666666667,,0.082
2001-05-21 00:00:00+00:00,1.0,9.433333333333334,,17.7,,0.084
2001-06-04 00:00:00+00:00,1.8666666666666665,9.033333333333333,,14.666666666666666,,0.097
2001-06-18 00:00:00+00:00,6.4,9.333333333333334,,19.466666666666665,,0.091
2001-07-02 00:00:00+00:00,34.06666666666667,10.733333333333334,,22.7,,0.063
2001-07-16 00:00:00+00:00,13.5,10.3,,25.399999999999995,,0.026
2001-07-30 00:00:00+00:00,13.066666666666668,9.200000000000001,,25.166666666666668,,0.028
2001-08-13 00:00:00+00:00,9.1,6.566666666666666,,25.833333333333332,,0.035
2001-08-27 00:00:00+00:00,13.799999999999999,7.733333333333333,,22.899999999999995,,0.032
2001-09-12 00:00:00+00:00,11.5,,,,,
2001-09-26 00:00:00+00:00,10.175,6.966666666666666,,16.566666666666666,,0.099
2001-10-09 00:00:00+00:00,9.1,,,,,
2001-10-22 00:00:00+00:00,1.4,7.166666666666667,,13.066666666666668,,0.146
2001-11-06 00:00:00+00:00,0.8500000000000001,,,,,
2001-11-26 00:00:00+00:00,1.575,10.0,,9.533333333333333,,0.136
2002-02-28 00:00:00+00:00,2.3,,,,,
2002-03-28 00:00:00+00:00,14.2,17.333333333333332,,1.4666666666666668,,0.104
2002-04-08 00:00:00+00:00,10.1,17.5,,3.3333333333333335,,0.096
2005-01-31 00:00:00+00:00,1.0,12.5,,0.7333333333333334,,0.121
2005-04-15 00:00:00+00:00,8.0,13.666666666666666,,7.333333333333333,,0.135
2005-04-25 00:00:00+00:00,4.4,10.266666666666667,,7.8999999999999995,,0.114
2005-05-09 00:00:00+00:00,0.8,11.666666666666666,,10.1,,0.201
2005-05-23 00:00:00+00:00,1.5,10.6,,13.4,,0.112
2005-06-06 00:00:00+00:00,1.8,11.533333333333333,,18.766666666666666,,0.082
2005-06-20 00:00:00+00:00,7.9,10.166666666666666,,22.433333333333334,,0.075
2005-07-05 00:00:00+00:00,14.833333333333334,11.166666666666666,,23.366666666666664,,0.067
2005-07-18 00:00:00+00:00,9.2,13.633333333333333,,26.133333333333336,,0.041
2005-08-01 00:00:00+00:00,5.466666666666666,9.233333333333333,,24.933333333333334,,0.029
2005-08-15 00:00:00+00:00,6.5,7.166666666666667,,24.5,,0.023
2005-08-29 00:00:00+00:00,1.9000000000000001,8.933333333333334,,24.0,,0.031
2005-09-26 00:00:00+00:00,3.5,7.633333333333333,,20.8,,0.029
2005-11-02 00:00:00+00:00,2.2,6.833333333333333,,12.533333333333333,,0.158
2005-11-30 00:00:00+00:00,0.9,11.199999999999998,,5.5,,0.154
2006-03-06 00:00:00+00:00,1.9,14.299999999999999,,1.2,,0.15
2006-04-04 00:00:00+00:00,1.6,13.4,,3.7000000000000006,,0.144
2006-04-17 00:00:00+00:00,2.3,13.366666666666667,,6.466666666666666,,0.135
2006-05-02 00:00:00+00:00,1.5,11.833333333333334,,11.033333333333333,,0.115
2006-05-15 00:00:00+00:00,0.6,10.5,,11.1,,0.129
2006-05-30 00:00:00+00:00,2.5,10.466666666666667,,18.233333333333334,,0.091
2006-06-12 00:00:00+00:00,4.166666666666667,10.033333333333333,,19.766666666666666,,0.078
2006-06-26 00:00:00+00:00,5.7,9.6,,21.333333333333332,,0.058
2006-07-10 00:00:00+00:00,4.333333333333333,9.533333333333333,,24.266666666666666,,0.042
2006-07-24 00:00:00+00:00,4.6,8.5,,24.266666666666666,,0.036
2006-08-07 00:00:00+00:00,4.3,8.066666666666666,,25.96666666666667,,0.027
2006-08-21 00:00:00+00:00,3.7,7.366666666666667,,23.8,,0.018
2006-09-06 00:00:00+00:00,4.833333333333333,8.966666666666667,,23.166666666666668,,0.026
2006-10-02 00:00:00+00:00,6.2,8.433333333333334,,16.1,,0.089
2006-10-30 00:00:00+00:00,1.8,9.833333333333334,,9.833333333333334,,0.147
2006-11-27 00:00:00+00:00,1.6,11.166666666666666,,6.8,,0.135
2007-01-03 00:00:00+00:00,0.7,14.0,,2.2,1.112,0.1285
2007-02-19 00:00:00+00:00,4.4,14.300000000000002,,0.5,1.305,0.1275
2007-04-02 00:00:00+00:00,3.6,13.366666666666667,,3.7999999999999994,,0.129
2007-04-16 00:00:00+00:00,11.0,14.033333333333333,,4.2,1.231,0.114
2007-04-30 00:00:00+00:00,6.4,13.6,,8.866666666666667,,0.08
2007-05-14 00:00:00+00:00,0.3,10.033333333333333,,14.166666666666666,,0.082
2007-05-29 00:00:00+00:00,0.8,9.466666666666667,,17.599999999999998,,0.074
2007-06-11 00:00:00+00:00,5.833333333333333,9.166666666666666,,20.233333333333334,,0.074
2007-06-25 00:00:00+00:00,7.1,10.433333333333332,,23.3,,0.067
2007-07-09 00:00:00+00:00,4.5,9.933333333333334,,26.0,,0.026
2007-07-23 00:00:00+00:00,6.0,9.733333333333333,,23.766666666666666,,0.031
2007-08-06 00:00:00+00:00,7.3,7.900000000000001,,25.2,0.619,0.0225
2007-08-20 00:00:00+00:00,4.9,6.733333333333333,,22.8,,0.026
2007-09-04 00:00:00+00:00,4.8,9.6,,23.96666666666667,,0.025
2007-10-01 00:00:00+00:00,9.8,8.0,,19.4,,0.051
2007-10-29 00:00:00+00:00,1.4,7.466666666666666,,14.300000000000002,1.242,0.144
2007-11-26 00:00:00+00:00,0.8,11.066666666666668,,7.099999999999999,,0.144
2008-02-13 00:00:00+00:00,1.5,12.833333333333334,,0.3666666666666667,,0.145
2008-04-14 00:00:00+00:00,15.8,15.366666666666667,,3.1,,0.141
2008-04-28 00:00:00+00:00,3.8,15.866666666666667,,7.566666666666666,,0.029
2008-05-12 00:00:00+00:00,1.8,13.5,,10.166666666666666,,0.037
2008-05-28 00:00:00+00:00,0.9,11.1,,14.5,,0.072
2008-06-09 00:00:00+00:00,1.2,9.833333333333334,,17.900000000000002,,0.075
2008-06-23 00:00:00+00:00,7.4,12.533333333333333,,21.53333333333333,,0.13
2008-07-07 00:00:00+00:00,15.366666666666665,11.733333333333334,,23.599999999999998,,0.152
2008-07-21 00:00:00+00:00,12.0,11.0,,25.399999999999995,,0.053
2008-08-04 00:00:00+00:00,12.066666666666668,8.166666666666666,,25.3,,0.05
2008-08-18 00:00:00+00:00,12.3,8.266666666666667,,24.46666666666667,,0.038
2008-09-05 00:00:00+00:00,6.0,6.866666666666667,,22.7,,0.029
2008-09-29 00:00:00+00:00,7.7,8.066666666666666,,20.3,,0.039
2008-10-29 00:00:00+00:00,1.3,9.333333333333334,,12.299999999999999,,0.147
2009-01-21 00:00:00+00:00,0.8,16.3,,0.5,1.497,0.1655
2009-04-15 00:00:00+00:00,6.2,12.633333333333333,,5.066666666666666,2.222,0.166
2009-04-27 00:00:00+00:00,6.5,13.533333333333333,,7.7,,0.148
2009-05-11 00:00:00+00:00,3.4,12.466666666666667,,12.200000000000001,,0.126
2009-05-28 00:00:00+00:00,1.2,10.699999999999998,,14.699999999999998,,0.147
2009-06-09 00:00:00+00:00,1.2,8.766666666666667,,17.0,,0.11
2009-06-23 00:00:00+00:00,2.65,9.866666666666667,,23.7,,0.155
2009-07-06 00:00:00+00:00,10.65,14.333333333333334,,22.2,,0.125
2009-07-20 00:00:00+00:00,28.5,12.700000000000001,,21.3,,0.106
2009-08-05 00:00:00+00:00,13.966666666666667,10.066666666666668,,23.03333333333333,1.473,0.0695
2009-08-19 00:00:00+00:00,8.4,10.5,,23.7,,0.044
2009-09-02 00:00:00+00:00,11.9,9.533333333333333,,21.0,,0.053
2009-09-30 00:00:00+00:00,4.2,6.066666666666666,,18.2,,0.075
2009-10-28 00:00:00+00:00,3.3,8.033333333333333,,11.5,1.335,0.1585
2009-12-03 00:00:00+00:00,1.1,9.8,,8.5,,0.153
2010-02-01 00:00:00+00:00,3.2,11.166666666666666,,1.9333333333333333,1.585,0.1395
2010-03-29 00:00:00+00:00,56.1,14.633333333333333,,4.433333333333334,,0.12
2010-04-13 00:00:00+00:00,35.375,14.1,,6.900000000000001,3.168,0.0865
2010-04-26 00:00:00+00:00,11.899999999999999,13.0,,9.8,,0.063
2010-05-10 00:00:00+00:00,3.45,10.2,,12.1,,0.056
2010-05-24 00:00:00+00:00,1.525,8.966666666666667,,18.5,,0.063
2010-06-07 00:00:00+00:00,8.825,10.9,,20.566666666666666,,0.043
2010-06-21 00:00:00+00:00,6.475,9.733333333333333,,22.233333333333334,,0.034
2010-07-05 00:00:00+00:00,20.712500000000002,9.233333333333333,,24.166666666666668,,0.046
2010-07-19 00:00:00+00:00,14.375,8.966666666666667,,26.233333333333334,,0.038
2010-08-03 00:00:00+00:00,8.7625,7.5,,26.366666666666664,0.438,0.029
2010-08-16 00:00:00+00:00,12.2,6.900000000000001,,25.100000000000005,,0.034
2010-08-30 00:00:00+00:00,13.7125,7.3999999999999995,,24.3,,0.029
2010-10-05 00:00:00+00:00,9.200000000000001,6.866666666666667,,17.066666666666666,,0.066
2010-11-09 00:00:00+00:00,14.024999999999999,10.633333333333333,,10.9,1.377,0.0955
2011-01-19 00:00:00+00:00,1.6,12.233333333333334,,1.1666666666666667,1.41,0.0465
2011-04-18 00:00:00+00:00,21.475,13.6,,6.133333333333333,,0.066
2011-05-02 00:00:00+00:00,14.8,12.0,,7.933333333333334,,0.058
2011-05-17 00:00:00+00:00,4.8,10.1,,11.1,1.533,0.0615
2011-05-31 00:00:00+00:00,0.5,8.133333333333333,,14.9,,0.074
2011-06-13 00:00:00+00:00,1.7,10.266666666666667,,18.8,,0.066
2011-06-27 00:00:00+00:00,2.2,9.233333333333334,,20.46666666666667,,
2011-07-11 00:00:00+00:00,8.299999999999999,11.566666666666668,,25.8,,0.031
2011-07-25 00:00:00+00:00,7.8,10.266666666666666,,27.3,,0.022
2011-08-04 00:00:00+00:00,5.3999999999999995,8.4,,28.03333333333333,0.741,0.013
2011-08-22 00:00:00+00:00,7.9,9.066666666666666,,25.0,,0.016
2011-09-12 00:00:00+00:00,8.600000000000001,11.833333333333334,,22.46666666666667,,0.02
2011-10-03 00:00:00+00:00,15.7,8.5,,15.866666666666667,,0.088
2011-10-31 00:00:00+00:00,10.1,10.9,,12.199999999999998,0.968,0.112
2012-02-22 00:00:00+00:00,14.2,15.4,,2.5,1.186,0.05
2012-03-21 00:00:00+00:00,25.3,14.366666666666667,,7.266666666666667,,0.069
2012-04-03 00:00:00+00:00,15.1,,,,,
2012-04-17 00:00:00+00:00,1.0,10.299999999999999,,10.5,1.099,0.047
2012-05-01 00:00:00+00:00,0.4,9.5,,10.9,,0.066
2012-05-14 00:00:00+00:00,2.1,9.933333333333334,,15.466666666666667,,0.061
2012-05-29 00:00:00+00:00,1.7,8.7,,19.2,,0.05
2012-06-11 00:00:00+00:00,6.866666666666667,10.699999999999998,,21.3,,0.043
2012-06-25 00:00:00+00:00,12.4,10.266666666666667,,23.666666666666668,,0.031
2012-07-10 00:00:00+00:00,5.533333333333334,8.799999999999999,,27.600000000000005,,0.018
2012-07-23 00:00:00+00:00,7.6,7.8,,26.933333333333334,,0.018
2012-08-06 00:00:00+00:00,7.866666666666667,7.8,,26.366666666666664,0.498,0.011
2012-08-20 00:00:00+00:00,9.7,7.8,,23.3,,0.017
2012-09-04 00:00:00+00:00,6.333333333333333,7.900000000000001,,24.400000000000002,,0.014
2012-10-01 00:00:00+00:00,17.1,10.133333333333333,,16.933333333333334,,0.03
2012-10-29 00:00:00+00:00,4.9,8.7,,11.800000000000002,2.363,0.061
2012-11-29 00:00:00+00:00,17.4,11.5,,6.133333333333333,,0.112
2013-02-12 00:00:00+00:00,5.4,15.6,,0.6333333333333334,0.898,0.06
2013-04-29 00:00:00+00:00,17.0,16.3,,6.2,1.299,0.077
2013-05-14 00:00:00+00:00,11.5,13.1,,10.566666666666666,,0.06
2013-05-28 00:00:00+00:00,1.0,11.266666666666666,,14.133333333333333,,0.05
2013-06-10 00:00:00+00:00,0.9,10.200000000000001,,18.599999999999998,,0.04
2013-06-24 00:00:00+00:00,8.1,11.666666666666666,,22.100000000000005,,0.03
2013-07-08 00:00:00+00:00,24.633333333333336,6.566666666666666,,24.600000000000005,,0.04
2013-07-22 00:00:00+00:00,17.4,9.166666666666666,,25.933333333333334,,0.03
2013-08-05 00:00:00+00:00,8.766666666666666,7.566666666666666,,22.600000000000005,0.779,0.0325
2013-08-21 00:00:00+00:00,6.7,8.733333333333333,,24.099999999999998,,0.02
2013-09-04 00:00:00+00:00,9.733333333333334,7.466666666666666,,24.100000000000005,,0.02
2013-09-30 00:00:00+00:00,5.7,8.3,,19.233333333333334,,0.03
2013-10-29 00:00:00+00:00,11.0,8.666666666666666,,11.5,1.043,0.0845
2013-12-02 00:00:00+00:00,9.4,14.300000000000002,,4.5,,0.08
2014-02-03 00:00:00+00:00,9.5,13.366666666666667,,0.26666666666666666,1.087,0.072
2014-04-29 00:00:00+00:00,12.6,12.1,,6.3,1.504,0.084
2014-05-14 00:00:00+00:00,33.7,14.166666666666666,,11.133333333333333,,0.07
2014-05-28 00:00:00+00:00,17.25,13.233333333333334,,17.96666666666667,,0.06
2014-06-09 00:00:00+00:00,13.200000000000001,9.633333333333333,,20.599999999999998,,0.08
2014-06-23 00:00:00+00:00,10.7,10.733333333333334,,22.833333333333332,,0.03
2014-07-07 00:00:00+00:00,17.533333333333335,9.533333333333333,,23.366666666666664,,0.05
2014-07-21 00:00:00+00:00,10.1,10.0,,23.03333333333333,,
2014-08-04 00:00:00+00:00,11.333333333333334,10.633333333333333,,23.833333333333332,0.494,0.029
2014-08-20 00:00:00+00:00,7.6,9.266666666666667,,23.933333333333334,,0.03
2014-09-02 00:00:00+00:00,7.1000000000000005,8.266666666666667,,23.733333333333334,,0.02
2014-09-28 00:00:00+00:00,4.5,11.066666666666668,,20.233333333333334,,
2014-10-30 00:00:00+00:00,7.8,8.5,,12.199999999999998,1.003,0.096
2015-02-11 00:00:00+00:00,9.1,13.9,,0.3333333333333333,1.386,0.117
2015-04-10 00:00:00+00:00,27.7,13.633333333333333,,4.366666666666666,1.29,0.102
2015-04-24 00:00:00+00:00,19.8,13.1,,7.433333333333334,1.212,0.084
2015-05-01 00:00:00+00:00,22.0,14.299999999999999,,9.466666666666667,1.2,0.059
2015-05-13 00:00:00+00:00,31.7,11.666666666666666,,13.0,1.1,0.046
2015-05-27 00:00:00+00:00,5.4,9.566666666666666,,15.866666666666667,1.18,0.046
2015-06-08 00:00:00+00:00,9.266666666666666,9.666666666666666,,20.066666666666666,1.08,0.061
2015-06-23 00:00:00+00:00,11.9,9.6,,21.96666666666667,1.08,0.053
2015-07-08 00:00:00+00:00,20.266666666666666,9.366666666666667,,22.599999999999998,0.796,0.043
2015-07-20 00:00:00+00:00,19.1,9.3,,24.5,,
2015-08-03 00:00:00+00:00,18.366666666666664,8.133333333333333,,24.399999999999995,0.725,0.033
2015-08-18 00:00:00+00:00,11.7,8.5,,25.633333333333336,0.854,0.023
2015-08-31 00:00:00+00:00,13.533333333333333,9.766666666666666,,21.933333333333334,,
2015-10-07 00:00:00+00:00,17.2,8.466666666666667,,17.366666666666664,0.686,0.042
2015-11-02 00:00:00+00:00,14.8,8.933333333333334,,12.4,1.1505,0.0975
2016-01-27 00:00:00+00:00,8.5,12.466666666666667,,1.0333333333333334,1.3465,0.0835
2016-03-28 00:00:00+00:00,4.8,15.0,,4.6,1.44,0.081
2016-04-12 00:00:00+00:00,2.1,11.133333333333333,,5.8999999999999995,1.2955,0.0535
2016-04-25 00:00:00+00:00,21.6,14.266666666666666,,11.1,1.45,0.039
2016-05-11 00:00:00+00:00,2.4,9.166666666666666,,10.766666666666666,1.28,0.049
2016-05-23 00:00:00+00:00,2.4,11.666666666666666,,15.5,1.2,0.045
2016-06-07 00:00:00+00:00,7.866666666666667,9.866666666666667,,19.8,1.08,0.023
2016-06-20 00:00:00+00:00,3.8,8.233333333333333,,23.233333333333334,1.04,0.026
2016-07-05 00:00:00+00:00,10.033333333333333,9.833333333333334,,23.600000000000005,0.774,0.026
2016-07-18 00:00:00+00:00,7.2,7.733333333333333,,24.666666666666668,0.636,0.022
2016-08-01 00:00:00+00:00,8.866666666666667,7.766666666666667,,25.400000000000002,0.579,0.0195
2016-08-15 00:00:00+00:00,6.9,7.5,,26.433333333333334,0.54,0.023
2016-08-30 00:00:00+00:00,5.433333333333334,7.5,,24.400000000000002,0.496,0.018
2016-10-04 00:00:00+00:00,11.1,7.566666666666667,,18.133333333333333,0.777,0.038
2016-11-09 00:00:00+00:00,12.3,7.666666666666667,,13.5,0.8895,0.0455
2017-02-06 00:00:00+00:00,7.8,14.200000000000001,,0.5333333333333333,1.7145,0.1415
2017-04-17 00:00:00+00:00,52.9,13.1,,8.266666666666667,1.319,0.076
2017-05-03 00:00:00+00:00,17.5,10.233333333333333,,9.733333333333333,1.69,0.075
2017-05-15 00:00:00+00:00,10.0,12.066666666666668,,13.533333333333333,1.33,0.058
2017-05-30 00:00:00+00:00,0.4,7.833333333333333,,15.300000000000002,1.57,0.086
2017-06-12 00:00:00+00:00,6.766666666666667,9.866666666666667,,22.03333333333333,1.48,0.084
2017-06-26 00:00:00+00:00,1.5,7.666666666666667,,20.9,1.3,0.068
2017-07-10 00:00:00+00:00,4.1000000000000005,10.266666666666666,,23.766666666666666,0.982,0.047
2017-07-24 00:00:00+00:00,2.7,7.900000000000001,,24.8,0.776,0.046
2017-08-07 00:00:00+00:00,18.599999999999998,7.066666666666666,,23.133333333333336,0.753,0.0385
2017-08-23 00:00:00+00:00,16.5,7.0,,22.96666666666667,0.696,0.032
2017-09-06 00:00:00+00:00,14.066666666666668,6.900000000000001,,19.966666666666665,0.653,0.029
2017-09-25 00:00:00+00:00,11.0,7.7,,23.0,0.679,0.027
2017-10-04 00:00:00+00:00,13.5,2.8666666666666667,,19.466666666666665,0.552,0.022
2017-11-02 00:00:00+00:00,5.300000000000001,9.200000000000001,,11.533333333333333,1.253,0.1035
2017-12-19 00:00:00+00:00,3.9,15.0,,2.3,1.51,0.122
2018-01-23 00:00:00+00:00,6.7,16.366666666666667,,0.9333333333333335,1.521,0.109
2018-04-05 00:00:00+00:00,23.5,15.533333333333333,,3.266666666666667,1.95,0.147
2018-04-20 00:00:00+00:00,22.0,15.333333333333334,,3.5666666666666664,,
2018-05-07 00:00:00+00:00,84.9,19.46666666666667,,12.9,1.68,0.085
2018-05-14 00:00:00+00:00,39.7,14.166666666666666,,11.933333333333332,,
2018-05-29 00:00:00+00:00,16.6,14.075,,23.925,1.62,0.085
2018-06-11 00:00:00+00:00,1.0666666666666667,8.9,,19.366666666666664,1.36,0.055
2018-06-25 00:00:00+00:00,14.8,10.166666666666666,,21.96666666666667,1.45,0.079
2018-07-09 00:00:00+00:00,16.599999999999998,12.299999999999999,,25.599999999999998,0.793,0.041
2018-07-23 00:00:00+00:00,27.1,9.0,,23.96666666666667,0.883,0.041
2018-08-06 00:00:00+00:00,12.799999999999999,8.566666666666668,,24.3,0.5735,0.018
2018-08-22 00:00:00+00:00,10.4,8.666666666666666,,23.46666666666667,0.625,0.024
2018-09-04 00:00:00+00:00,13.233333333333334,9.433333333333332,,23.233333333333334,0.587,0.025
2018-09-19 00:00:00+00:00,16.8,10.6,,22.2,0.713,0.024
2018-10-02 00:00:00+00:00,12.9,9.0,,16.8,0.793,0.043
2018-10-18 00:00:00+00:00,13.1,10.433333333333334,,12.4,0.937,0.081
2018-10-29 00:00:00+00:00,8.8,9.566666666666666,,10.633333333333333,1.2035,0.1215
2018-11-14 00:00:00+00:00,2.3,12.199999999999998,,6.900000000000001,1.34,0.126
2018-11-30 00:00:00+00:00,1.725,13.933333333333332,,3.6,1.41,0.132
2019-02-21 00:00:00+00:00,10.5,16.5,,0.20000000000000004,2.306,0.1485
2019-04-03 00:00:00+00:00,6.3,14.733333333333334,818.4433333333333,2.3,2.17,0.178
2019-04-15 00:00:00+00:00,6.5,14.9,819.3833333333333,4.133333333333334,1.946,0.1585
2019-04-29 00:00:00+00:00,0.9,16.266666666666666,131.16666666666666,7.400000000000001,1.98,0.117
2019-05-13 00:00:00+00:00,4.0,13.799999999999999,1055.1899999999998,10.433333333333334,1.8,0.094
2019-05-28 00:00:00+00:00,0.6,10.5,306.87333333333333,13.6,1.7405,0.096
2019-06-11 00:00:00+00:00,1.5999999999999999,9.766666666666667,1043.5866666666668,19.733333333333334,1.65,0.098
2019-06-24 00:00:00+00:00,2.9,9.933333333333334,250.23000000000002,19.933333333333334,1.78,0.103
2019-07-08 00:00:00+00:00,10.133333333333333,12.833333333333334,798.19,25.96666666666667,2.02,0.132
2019-07-22 00:00:00+00:00,18.5,10.699999999999998,853.5999999999999,25.7,1.04,0.048
2019-08-05 00:00:00+00:00,15.166666666666666,12.700000000000001,355.67333333333335,26.666666666666668,0.802,0.039
2019-08-21 00:00:00+00:00,20.5,9.299999999999999,559.4233333333333,24.566666666666666,0.922,0.051
2019-09-04 00:00:00+00:00,22.133333333333336,10.233333333333333,222.01999999999998,21.3,0.849,0.063
2019-10-04 00:00:00+00:00,18.1,9.066666666666666,173.21,18.2,1.02,0.101
2019-10-28 00:00:00+00:00,3.2,10.566666666666666,147.60666666666668,11.699999999999998,1.42,0.163
2019-11-26 00:00:00+00:00,1.2,,,,,
2020-03-31 00:00:00+00:00,31.2,,,,,
2020-05-07 00:00:00+00:00,16.0,14.566666666666668,805.8333333333334,10.0,1.8,0.102
2020-05-15 00:00:00+00:00,1.65,12.799999999999999,1068.3700000000001,11.833333333333334,1.59,0.078
2020-06-02 00:00:00+00:00,1.6,10.466666666666667,1236.8733333333332,18.866666666666667,1.65,0.084
2020-06-12 00:00:00+00:00,3.3,9.9,969.6566666666668,20.066666666666666,1.61,0.092
2020-06-24 00:00:00+00:00,26.8,12.533333333333333,661.5533333333334,22.433333333333334,0.79,0.049
2020-07-08 00:00:00+00:00,15.899999999999999,13.799999999999999,1016.11,28.8,1.63,0.095
2020-07-22 00:00:00+00:00,27.9,11.166666666666666,947.23,25.7,0.766,0.045
2020-08-06 00:00:00+00:00,34.4,11.466666666666667,775.5566666666667,24.2,1.19,0.075
2020-08-20 00:00:00+00:00,23.6,10.200000000000001,854.6633333333334,24.433333333333334,0.753,0.027
2020-09-02 00:00:00+00:00,21.5,8.166666666666666,854.0333333333333,23.46666666666667,0.769,0.028
2020-09-18 00:00:00+00:00,27.7,9.833333333333334,240.0533333333333,18.733333333333334,0.727,0.036
2020-10-08 00:00:00+00:00,24.7,13.200000000000001,587.7033333333333,15.566666666666668,0.933,0.074
2020-11-03 00:00:00+00:00,3.4,11.733333333333334,,9.1,1.29,0.097
2020-12-10 00:00:00+00:00,3.5,12.700000000000001,348.1366666666667,5.0,1.56,0.115
2021-03-03 00:00:00+00:00,0.5,13.4,,1.2,2.177,0.072
2021-04-06 00:00:00+00:00,17.1,17.0,163.43666666666667,6.566666666666666,,0.111
2021-04-22 00:00:00+00:00,3.8,15.699999999999998,1009.6066666666667,8.3,,0.071
2021-05-06 00:00:00+00:00,0.225,10.033333333333333,969.2766666666666,11.6,,0.08
2021-05-17 00:00:00+00:00,0.5,9.466666666666667,307.8566666666666,14.800000000000002,1.845,0.051
2021-06-02 00:00:00+00:00,3.2,11.1,1228.7866666666666,18.233333333333334,,0.123
2021-06-16 00:00:00+00:00,6.1,13.266666666666666,1236.1666666666667,24.766666666666666,,0.046
2021-06-30 00:00:00+00:00,7.7,13.200000000000001,832.6533333333333,25.5,,0.192
2021-07-14 00:00:00+00:00,9.3,,,,,
2021-07-27 00:00:00+00:00,8.9,11.666666666666666,905.94,25.833333333333332,,0.036
2021-08-12 00:00:00+00:00,14.3,9.833333333333334,716.3166666666666,25.166666666666668,0.683,0.035
2021-08-26 00:00:00+00:00,11.1,10.1,566.5833333333334,25.900000000000002,,
2021-09-10 00:00:00+00:00,12.0,10.833333333333334,556.4233333333333,22.900000000000002,,
2021-09-27 00:00:00+00:00,14.4,9.5,669.7900000000001,19.733333333333334,,
2021-10-08 00:00:00+00:00,11.3,10.233333333333333,646.8666666666667,19.8,,
2021-10-19 00:00:00+00:00,8.0,7.933333333333334,489.41333333333336,17.4,,
2021-11-04 00:00:00+00:00,3.6,7.133333333333333,264.74666666666667,12.366666666666667,1.239,0.0985
2022-02-08 00:00:00+00:00,2.1,16.900000000000002,,0.8000000000000002,,
2022-04-22 00:00:00+00:00,11.1,16.2,,5.266666666666667,,
2022-05-02 00:00:00+00:00,3.8,,,,,
2022-05-17 00:00:00+00:00,1.0,,,,,
2022-06-01 00:00:00+00:00,1.2,,,,,
2022-06-14 00:00:00+00:00,7.0,12.033333333333333,,19.533333333333335,,
2022-06-28 00:00:00+00:00,9.9,11.333333333333334,,23.266666666666666,,
2022-07-13 00:00:00+00:00,7.9,10.633333333333333,,24.900000000000002,,
2022-07-25 00:00:00+00:00,10.0,10.033333333333333,,25.566666666666666,,
2022-08-09 00:00:00+00:00,9.3,9.266666666666667,,25.96666666666667,,
2022-08-25 00:00:00+00:00,7.8,10.799999999999999,,24.100000000000005,,
2022-09-06 00:00:00+00:00,8.5,9.133333333333333,,23.166666666666668,,
2022-09-19 00:00:00+00:00,9.7,10.799999999999999,,21.833333333333332,,
2022-10-04 00:00:00+00:00,11.2,12.5,,18.03333333333333,,
2022-10-20 00:00:00+00:00,3.6,8.266666666666667,,12.033333333333333,,
2022-11-01 00:00:00+00:00,15.6,12.799999999999999,,12.466666666666667,,
2022-11-23 00:00:00+00:00,7.6,,,,,
2023-02-28 00:00:00+00:00,2.9,,,,,
2023-04-07 00:00:00+00:00,19.6,,,,,
2023-04-26 00:00:00+00:00,13.1,,,,,
2023-05-04 00:00:00+00:00,14.9,,,,,
2023-05-17 00:00:00+00:00,1.6,,,,,
2023-05-31 00:00:00+00:00,2.9,,,,,
2023-06-12 00:00:00+00:00,3.9,,,,,
2023-06-30 00:00:00+00:00,4.2,,,,,
2023-07-10 00:00:00+00:00,5.2,,,,,
2023-07-24 00:00:00+00:00,6.7,,,,,
2023-08-07 00:00:00+00:00,7.3,,,,,
2023-08-23 00:00:00+00:00,7.0,,,,,
2023-09-08 00:00:00+00:00,7.4,,,,,
2023-09-18 00:00:00+00:00,6.0,,,,,
2023-10-02 00:00:00+00:00,6.9,,,,,
2023-10-23 00:00:00+00:00,5.0,,,,,
2023-11-01 00:00:00+00:00,2.8,,,,,
2023-11-15 00:00:00+00:00,2.3,,,,,
